﻿--
-- Script was generated by Devart dbForge Studio for MySQL, Version 8.0.40.0
-- Product home page: http://www.devart.com/dbforge/mysql/studio
-- Script date 08/04/2019 20:39:32
-- Server version: 5.5.5-10.1.38-MariaDB
-- Client version: 4.1
--

-- 
-- Disable foreign keys
-- 
/*!40014 SET @OLD_FOREIGN_KEY_CHECKS=@@FOREIGN_KEY_CHECKS, FOREIGN_KEY_CHECKS=0 */;

-- 
-- Set SQL mode
-- 
/*!40101 SET @OLD_SQL_MODE=@@SQL_MODE, SQL_MODE='NO_AUTO_VALUE_ON_ZERO' */;

-- 
-- Set character set the client will use to send SQL statements to the server
--
SET NAMES 'utf8';

DROP DATABASE IF EXISTS yii2_practica06;

CREATE DATABASE IF NOT EXISTS yii2_practica06
CHARACTER SET utf8
COLLATE utf8_general_ci;

--
-- Set default database
--
USE yii2_practica06;

--
-- Create table `fotos`
--
CREATE TABLE IF NOT EXISTS fotos (
  id int(11) NOT NULL AUTO_INCREMENT,
  nombre varchar(50) NOT NULL,
  fechaCreado timestamp NOT NULL DEFAULT CURRENT_TIMESTAMP,
  fechaActualizado timestamp NULL DEFAULT NULL,
  PRIMARY KEY (id)
)
ENGINE = INNODB,
AUTO_INCREMENT = 63,
AVG_ROW_LENGTH = 409,
CHARACTER SET utf8,
COLLATE utf8_general_ci;

--
-- Create table `categorias`
--
CREATE TABLE IF NOT EXISTS categorias (
  id int(11) NOT NULL AUTO_INCREMENT,
  nombre varchar(50) NOT NULL,
  descripcion varchar(200) DEFAULT NULL,
  PRIMARY KEY (id)
)
ENGINE = INNODB,
AUTO_INCREMENT = 8,
AVG_ROW_LENGTH = 1024,
CHARACTER SET utf8,
COLLATE utf8_general_ci;

--
-- Create table `tienen`
--
CREATE TABLE IF NOT EXISTS tienen (
  id int(11) NOT NULL AUTO_INCREMENT,
  fotos int(11) DEFAULT NULL,
  categorias int(11) DEFAULT NULL,
  PRIMARY KEY (id)
)
ENGINE = INNODB,
AUTO_INCREMENT = 188,
AVG_ROW_LENGTH = 92,
CHARACTER SET utf8,
COLLATE utf8_general_ci,
COMMENT = 'tabla relacional de las otras dos tablas, fotos y categorias';

--
-- Create index `UK_tienen` on table `tienen`
--
ALTER TABLE tienen
ADD UNIQUE INDEX UK_tienen (fotos, categorias);

--
-- Create foreign key
--
ALTER TABLE tienen
ADD CONSTRAINT FK_tienen_categorias FOREIGN KEY (categorias)
REFERENCES categorias (id) ON DELETE CASCADE ON UPDATE CASCADE;

--
-- Create foreign key
--
ALTER TABLE tienen
ADD CONSTRAINT FK_tienen_fotos FOREIGN KEY (fotos)
REFERENCES fotos (id) ON DELETE CASCADE ON UPDATE CASCADE;

--
-- Create table `migration`
--
CREATE TABLE IF NOT EXISTS migration (
  version varchar(180) NOT NULL,
  apply_time int(11) DEFAULT NULL,
  PRIMARY KEY (version)
)
ENGINE = INNODB,
AVG_ROW_LENGTH = 8192,
CHARACTER SET utf8,
COLLATE utf8_general_ci;

--
-- Create table `gestion`
--
CREATE TABLE IF NOT EXISTS gestion (
  id int(11) NOT NULL AUTO_INCREMENT,
  nombre varchar(255) DEFAULT NULL,
  PRIMARY KEY (id)
)
ENGINE = INNODB,
AUTO_INCREMENT = 5,
AVG_ROW_LENGTH = 4096,
CHARACTER SET utf8,
COLLATE utf8_general_ci;

-- 
-- Dumping data for table fotos
--
INSERT INTO fotos VALUES
(1, '1.jpg', '2019-04-04 18:06:58', '2019-04-04 18:34:55'),
(2, '2.jpg', '2019-04-04 18:06:58', '2019-04-04 18:34:55'),
(3, '3.jpg', '2019-04-04 18:07:59', NULL),
(4, '4.jpg', '2019-04-04 18:07:59', NULL),
(5, '5.jpg', '2019-04-04 18:07:59', NULL),
(6, '6.jpg', '2019-04-04 18:07:59', NULL),
(7, '7.jpg', '2019-04-04 18:07:59', NULL),
(8, '8.jpg', '2019-04-04 18:07:59', NULL),
(9, '9.jpg', '2019-04-04 18:07:59', NULL),
(10, '10.jpg', '2019-04-04 18:07:59', NULL),
(11, '11.jpg', '2019-04-04 18:32:43', NULL),
(12, '12.jpg', '2019-04-04 18:32:51', NULL),
(13, '13.jpg', '2019-04-04 18:32:55', NULL),
(14, '14.jpg', '2019-04-04 18:32:59', NULL),
(15, '15.jpg', '2019-04-04 18:33:03', NULL),
(16, '16.jpg', '2019-04-04 18:33:07', NULL),
(17, '17.jpg', '2019-04-04 18:33:11', NULL),
(18, '18.jpg', '2019-04-04 18:33:15', NULL),
(19, '19.jpg', '2019-04-04 18:33:20', NULL),
(20, '20.jpg', '2019-04-04 18:33:23', NULL),
(21, '21.jpg', '2019-04-04 18:33:38', NULL),
(22, '22.jpg', '2019-04-04 18:33:42', NULL),
(23, '23.jpg', '2019-04-04 18:33:45', NULL),
(24, '24.jpg', '2019-04-04 18:33:48', NULL),
(25, '25.jpg', '2019-04-04 18:33:52', NULL),
(26, '26.jpg', '2019-04-04 18:33:57', NULL),
(27, '27.jpg', '2019-04-04 18:34:00', NULL),
(28, '28.jpg', '2019-04-04 18:34:04', NULL),
(29, '29.jpg', '2019-04-04 18:34:09', NULL),
(30, '30.jpg', '2019-04-04 18:34:12', NULL),
(31, '31.jpg', '2019-04-04 18:34:16', NULL),
(32, '32.jpg', '2019-04-04 18:34:21', NULL),
(33, '33.jpg', '2019-04-04 18:34:26', NULL),
(34, '34.jpg', '2019-04-04 18:34:30', NULL),
(35, '35.jpg', '2019-04-04 18:34:34', NULL),
(36, '36.jpg', '2019-04-04 18:34:37', NULL),
(37, '37.jpg', '2019-04-04 18:34:42', NULL),
(38, '38.jpg', '2019-04-04 18:34:45', NULL),
(39, '39.jpg', '2019-04-04 18:34:49', NULL),
(40, '40.jpg', '2019-04-04 18:34:55', NULL),
(41, '41.jpg', '2019-04-05 19:16:03', NULL),
(42, '42.jpg', '2019-04-05 19:18:28', NULL),
(43, '43.jpg', '2019-04-05 19:18:35', NULL),
(44, '44.jpg', '2019-04-05 19:20:31', NULL),
(45, '45.jpg', '2019-04-05 19:22:15', NULL),
(46, '46.jpg', '2019-04-08 09:41:23', NULL),
(47, '47.jpg', '2019-04-08 09:44:31', NULL),
(48, '48.jpg', '2019-04-08 09:46:16', NULL),
(49, '49.jpg', '2019-04-08 09:51:56', NULL),
(50, '50.jpg', '2019-04-08 10:03:08', NULL),
(51, '51.jpg', '2019-04-08 10:05:28', NULL),
(52, '52.jpg', '2019-04-08 10:06:12', NULL),
(53, '53.jpg', '2019-04-08 10:06:50', NULL),
(54, '54.jpg', '2019-04-08 10:08:18', NULL),
(55, '55.jpg', '2019-04-08 10:08:27', NULL),
(56, '56.jpg', '2019-04-08 18:16:07', NULL),
(57, '57.jpg', '2019-04-08 18:16:39', NULL),
(58, '58.jpg', '2019-04-08 18:18:10', NULL),
(59, '59.jpg', '2019-04-08 18:18:30', NULL),
(60, '60.jpg', '2019-04-08 18:19:00', NULL),
(61, '61.jpg', '2019-04-08 18:19:17', NULL),
(62, '62.jpg', '2019-04-08 18:20:52', NULL);

-- 
-- Dumping data for table categorias
--
INSERT INTO categorias VALUES
(1, 'sin categoria', 'sin categoria'),
(2, 'fauna', 'La fauna es el conjunto de especies animales que habitan en una región geográfica, que son propias de un período geológico. Esta depende tanto de factores abióticos como de factores bióticos. Entre és'),
(3, 'guerra', 'La guerra, en su sentido estrictamente técnico, es aquel conflicto social en el que dos o más grupos humanos relativamente masivos —principalmente tribus, sociedades o naciones— se enfrentan de manera'),
(4, 'ciudad', 'Una ciudad es un asentamiento de población con atribuciones y funciones políticas, administrativas, económicas y religiosas, a diferencia de los núcleos rurales que carecen de ellas, total o parcialme'),
(5, 'vegetacion', 'La vegetación es la cobertura de plantas (flora) salvajes o cultivadas que crecen espontáneamente sobre una superficie de suelo o en un medio acuático. Hablamos también de una cubierta vegetal. Su dis'),
(6, 'infancia', 'Con origen en la palabra latina infantia, la infancia es la etapa de la existencia de un ser humano que se inicia en el nacimiento y se extiende hasta la pubertad. El concepto también se emplea para n'),
(7, 'deportes', 'El deporte es una actividad reglamentada, normalmente de carácter competitivo, que puede mejorar la condición física​ de quien lo practica, y además tiene propiedades que lo diferencian del juego.');

-- 
-- Dumping data for table tienen
--
INSERT INTO tienen VALUES
(45, 1, 4),
(43, 1, 7),
(86, 2, 2),
(5, 2, 5),
(144, 3, 1),
(12, 4, 5),
(17, 5, 2),
(18, 5, 3),
(19, 5, 4),
(16, 5, 5),
(21, 6, 1),
(46, 6, 5),
(142, 10, 1),
(47, 11, 1),
(130, 11, 3),
(51, 12, 2),
(48, 12, 3),
(50, 12, 7),
(55, 13, 3),
(53, 13, 4),
(54, 13, 5),
(58, 14, 4),
(64, 16, 4),
(65, 16, 7),
(67, 17, 2),
(68, 17, 3),
(69, 17, 4),
(66, 17, 7),
(71, 18, 1),
(70, 18, 5),
(75, 19, 1),
(87, 20, 1),
(82, 21, 1),
(84, 22, 3),
(85, 22, 4),
(93, 23, 4),
(91, 23, 7),
(95, 24, 1),
(94, 24, 5),
(97, 25, 2),
(96, 25, 3),
(98, 25, 7),
(100, 26, 3),
(102, 27, 1),
(104, 27, 4),
(103, 27, 5),
(106, 28, 2),
(108, 28, 3),
(107, 28, 7),
(110, 29, 2),
(118, 30, 4),
(120, 31, 7),
(134, 32, 2),
(132, 32, 4),
(20, 32, 5),
(135, 32, 7),
(49, 33, 2),
(139, 33, 3),
(146, 33, 4),
(149, 34, 3),
(148, 34, 4),
(147, 34, 5),
(150, 35, 2),
(151, 35, 7),
(156, 36, 2),
(155, 36, 3),
(157, 36, 7),
(162, 37, 1),
(165, 37, 3),
(164, 37, 4),
(163, 37, 5),
(166, 38, 2),
(167, 38, 7),
(173, 39, 2),
(174, 39, 3),
(172, 39, 7),
(175, 40, 1),
(176, 40, 2),
(177, 40, 4),
(178, 47, 2),
(179, 47, 3),
(187, 56, 7),
(186, 57, 7),
(185, 58, 7),
(184, 59, 7),
(183, 60, 7),
(182, 61, 7),
(181, 62, 7);

-- 
-- Dumping data for table migration
--
INSERT INTO migration VALUES
('m000000_000000_base', 1554393085),
('m190404_112126_categorias', 1554393088);

-- 
-- Dumping data for table gestion
--
INSERT INTO gestion VALUES
(1, 'gestion'),
(2, 'fotos'),
(3, 'categorias'),
(4, 'tienen');

-- 
-- Restore previous SQL mode
-- 
/*!40101 SET SQL_MODE=@OLD_SQL_MODE */;

-- 
-- Enable foreign keys
-- 
/*!40014 SET FOREIGN_KEY_CHECKS = @OLD_FOREIGN_KEY_CHECKS */;